LTTRY_PROJ_NO,TOTAL_HH_INCOME,HH_SIZE,TOTAL_HH_INCOME_count,HH_SIZE_count,TOTAL_HH_INCOME_max,HH_SIZE_max,TOTAL_HH_INCOME_min,HH_SIZE_min
82,31932.320074305033,1.9937175043327557,30146,32312,34892000.0,10,0.0,1
83,31405.403212187313,1.9226787954830615,35742,38256,34892000.0,10,0.0,1
84,32572.578337918832,2.097631543533845,14175,14862,34892000.0,10,0.0,1
85,31311.333294656342,2.020966060465655,32319,34532,7800000.0,10,0.0,1
86,32374.040752694236,1.9472921474961087,17909,18631,2052000.0,10,0.0,1
87,32173.44112798036,1.8721893881863505,28981,30287,2052000.0,10,0.0,1
88,29858.013015568667,1.913849851104958,35456,38282,2392000.0,10,0.0,1
89,31497.807946114342,1.9315070909475764,51999,56692,34892000.0,10,0.0,1
90,30372.15172606157,1.994040778104116,21691,23493,1420320.0,10,0.0,1
91,30814.742422055686,1.998508471416253,39772,42909,34892000.0,10,0.0,1
92,31958.72575022208,1.9588908280007757,24766,25785,7800000.0,10,0.0,1
93,32415.977656161867,2.0885931100939534,15961,16604,34892000.0,10,0.0,1
94,32786.76628977301,1.8598381833016047,55188,58832,34892000.0,12,0.0,1
95,31850.24269293098,1.8624520773022455,48126,51124,34892000.0,12,0.0,1
96,31891.174296803467,1.8143146393643033,49211,52352,34892000.0,12,0.0,1
97,31948.369302086427,1.9300891866343348,23341,24331,34892000.0,12,0.0,1
98,35365.32027987609,1.8288258133618958,28727,29876,28600000.0,12,0.0,1
99,32526.51630253033,1.9766269968907473,18061,18654,2392000.0,12,0.0,1
100,32328.549392742356,2.0449227587098444,14936,15471,28600000.0,8,0.0,1
102,30646.277624062575,2.0440209914913128,18801,19627,7800000.0,12,0.0,1
105,32520.16340334607,1.9515528342381012,30423,31684,31841680.0,12,0.0,1
106,32351.320574856567,1.9999482044198895,55092,57920,31841680.0,12,0.0,1
107,29546.972587350305,1.9732489356090577,49456,53082,31841680.0,12,0.0,1
108,30732.169961306772,1.9665912096856242,73398,78632,31841680.0,12,0.0,1
109,31380.92522152486,1.9062006728423604,59745,62719,31841680.0,12,0.0,1
110,31410.25339524907,1.9318799751040063,58305,61054,31841680.0,12,0.0,1
111,35973.829730742735,1.9799408124831854,86720,92925,28600000.0,12,0.0,0
112,31728.709497159234,2.099185724185724,22353,23088,28600000.0,12,0.0,1
113,31742.971754867096,2.1000609066388236,22241,22986,28600000.0,12,0.0,1
114,31052.23319534441,2.0698101898101897,24229,25025,28600000.0,12,0.0,1
115,32406.52102420137,1.8642514185945003,76235,80185,7800000.0,10,0.0,1
116,29924.24556633562,2.062477526069759,21542,22248,1040000.0,12,0.0,1
117,30671.133935775288,1.8981049670589978,26127,27018,1676000.0,12,0.0,1
118,31615.183056963026,2.098757946210269,48944,51125,28600000.0,10,0.0,1
119,32274.639983129735,1.8679709811902965,29638,30463,34892000.0,10,0.0,1
120,30507.959043949988,2.1120292250152213,43868,45988,7800000.0,10,0.0,1
121,33244.83163166923,1.932599439194101,28002,28887,7800000.0,10,0.0,1
122,30924.775924530746,1.8833666817272317,29999,30986,1676000.0,10,0.0,1
123,34857.68799897377,1.9449959356602704,38980,40597,34892000.0,10,0.0,1
124,32400.24246314837,2.0930900298462354,50744,52938,28600000.0,15,0.0,1
125,30258.68601347235,2.037189292543021,67249,73220,8320000.0,10,0.0,1
126,29942.75151165322,2.0616253713147548,54834,58239,7800000.0,15,0.0,1
131,33078.673730552146,2.02187708750835,23203,23952,28600000.0,10,0.0,1
132,31065.529634624476,1.9666594767818075,31365,32453,2184000.0,10,0.0,1
133,33450.642673864175,1.89126811129632,81975,85789,7800000.0,15,0.0,1
134,31277.9042810529,1.942888028105576,32179,33303,1632000.0,10,0.0,1
135,31883.10696694913,2.0149203234428392,28562,29557,3521622.0,10,0.0,1
136,33641.472917129744,1.8973973747825497,84590,88526,7800000.0,15,0.0,1
137,34755.82604187084,1.8787161662475964,52017,54088,34892000.0,15,0.0,1
138,30045.05410223069,1.7358268073655247,63073,66146,7800000.0,12,0.0,1
139,31584.639364467144,1.8657597939115955,30856,31831,8656863.08,10,0.0,1
140,31410.8736199373,1.9210969094075627,65084,67754,7800000.0,10,0.0,1
141,31245.771476472666,2.118979608029834,48433,50412,7800000.0,12,0.0,1
142,32113.860367389854,1.874357449746816,98914,104272,34892000.0,12,0.0,1
144,31327.30707434911,1.8599120066313843,30424,31366,7800000.0,10,0.0,1
145,30962.41545352704,2.071146916853627,28565,29418,7800000.0,12,0.0,1
146,32288.862564491665,1.8929087994996285,49425,51162,7800000.0,19,0.0,1
147,30908.605222167953,2.074267468069121,51245,53240,7800000.0,10,0.0,1
148,31673.503352019256,1.8755092157365467,34072,35103,7800000.0,10,0.0,1
149,32502.85797210054,1.89473384814483,67385,70317,7800000.0,10,0.0,1
150,33803.430901901236,1.9140866873065014,25036,25840,7800000.0,10,0.0,1
170,30693.21338947227,2.0041948910470904,58189,61265,7800000.0,9,0.0,1
171,28956.262874940847,1.8646182455078166,44387,46247,7800000.0,9,0.0,1
172,33681.713990532284,1.8870457093859243,86610,90966,7800000.0,9,0.0,1
173,31256.141018758506,1.9871538435010518,55548,57994,7800000.0,9,0.0,1
174,31124.097165848514,1.8329772771411925,29949,30894,7800000.0,9,0.0,1
175,33966.05290195758,1.8706652209477068,50876,52569,7800000.0,9,0.0,1
176,34601.5700058422,1.9026442124514211,63332,65615,7800000.0,10,0.0,1
178,31704.102067181022,1.7983962346378455,33432,34419,7800000.0,9,0.0,1
179,33162.946229826215,2.0154290053151103,63387,65850,7800000.0,10,0.0,1
180,30967.16095410706,1.8988126824091272,29242,30152,7800000.0,9,0.0,1
181,31040.741776150295,2.028616221525443,50525,52942,2522140.0,10,0.0,1
182,33786.5841419176,1.9268192030812967,42123,43618,3244800.0,10,0.0,1
183,34342.642891447096,1.8660232012215967,83830,87754,7800000.0,14,0.0,1
185,34866.63704323362,1.9887403834723094,56900,58883,3244800.0,10,0.0,1
186,31939.457510211792,1.9351678511059816,52880,55019,3244800.0,10,0.0,1
187,32592.467481847787,2.0150840644854564,22449,23137,3244800.0,10,0.0,1
188,34682.45393449471,1.9255770905923344,35814,36736,3244800.0,10,0.0,1
189,35190.15441128674,1.725498613129045,58475,60568,3244800.0,10,0.0,1
192,35077.49392391698,1.9734299041508394,49262,50809,1872000.0,10,0.0,1
193,35353.6414391616,1.8666740784662517,77969,80952,1872000.0,10,0.0,1
194,33528.34243543814,1.9416227431337825,90107,95431,31279300.0,10,0.0,1
195,34527.664662990406,1.887243992097827,38990,39989,3244800.0,10,0.0,1
196,33561.81835632356,2.0661853188929,45599,47367,1820000.0,10,0.0,1
198,32977.87035918653,1.9905936217955982,42290,44119,31279300.0,10,0.0,1
199,33117.15861911053,2.0806978324237844,43892,45627,31279300.0,10,0.0,1
200,34409.043890257366,1.9550792106725958,28011,28784,1872000.0,10,0.0,1
201,31822.918707291137,1.7808638982097484,50019,51557,1872000.0,10,0.0,1
202,34479.529106228045,1.8537200030091026,76317,79758,1872000.0,10,0.0,1
203,33095.9345621005,1.7887483719171464,23156,23801,1820000.0,10,0.0,1
204,32798.82276664064,1.8177206628339533,23046,23656,1820000.0,10,0.0,1
205,34386.17937604145,1.8940147639363416,54603,56489,31279300.0,10,0.0,1
206,33499.19596021851,2.0281635047917073,48666,51130,31279300.0,11,0.0,1
207,,2.3476863753213366,0,1556,,7,,1
208,33339.439086324724,1.8969088950677588,75749,79842,31279300.0,9,0.0,1
210,33986.18627408745,2.020627491766337,55734,57690,31279300.0,11,0.0,1
211,33172.2171812442,1.879769174743683,68438,71396,31279300.0,9,0.0,1
212,34783.67674801292,2.0951619231581806,32208,33133,31279300.0,12,0.0,1
213,35229.607678827364,2.013142784228659,30700,31348,31279300.0,9,0.0,1
215,32507.17705258057,1.7812982268275015,31000,31751,4032600.0,9,0.0,1
216,32269.8225603845,2.022935044105854,24344,24940,4032600.0,9,0.0,1
217,33216.41242703476,1.8059400124821028,26588,27239,2719678.0,9,0.0,0
218,32469.1892824889,2.029287226534933,22146,22672,3120000.0,9,0.0,1
219,32614.444245518705,2.0059281215264915,18410,18893,2773157.4,9,0.0,1
220,40329.10704678872,1.9232087719724782,79036,82262,31279300.0,10,0.0,1
222,36223.81063945743,1.7646114225117406,32293,33005,34008624.0,10,0.0,1
223,35986.82974358615,1.868657600576933,74294,77652,34008624.0,10,0.0,1
224,34479.74409862298,1.8527325136772752,81847,84995,34008624.0,10,0.0,1
225,34266.656868660946,1.8527726156285331,74540,76949,31279300.0,10,0.0,1
226,34140.195335121854,1.8803198147452747,61873,63912,34008624.0,10,0.0,1
228,35767.91279440857,1.9708791739046516,40420,41448,31279300.0,10,0.0,1
229,35696.186049248034,1.888812283650048,66967,69621,34008624.0,10,0.0,1
230,35208.769968956556,1.8953623149788832,71835,75059,31279300.0,10,0.0,1
231,34531.907991921566,1.8954983095062385,56447,58267,6132490.0,10,0.0,1
232,37112.9256078883,1.8453893013046587,78090,81094,31279300.0,10,0.0,1
233,39652.12945390263,1.9077877091516406,62498,64666,6132490.0,10,0.0,1
234,36658.205208553496,1.8621499045194143,24598,25136,6132490.0,9,0.0,1
235,32302.029227462936,1.9213997601657038,17915,18346,6132490.0,9,0.0,1
236,34370.461104840586,1.9192652712516018,25162,25751,6132490.0,9,0.0,1
237,34084.09957897749,2.017563309604388,48881,51414,6132490.0,10,0.0,1
238,32318.082852807307,1.8896004098360655,19111,19520,6132490.0,9,0.0,1
247,36340.41213482833,1.9836800337472646,37010,37929,6132490.0,10,0.0,1
248,33738.734850566274,1.7649940989235007,27370,27961,6132490.0,9,0.0,1
249,39074.319351742895,1.8195075532294516,81480,84070,6132490.0,10,0.0,1
250,35515.524705833996,1.9499545284331032,36527,37386,6132490.0,10,0.0,1
251,38248.7727850635,1.95552,66494,68750,33508852.0,10,0.0,1
253,36034.64778345034,2.0449131777990837,45052,46935,6132490.0,10,0.0,1
254,38291.86927639539,1.9588507490000262,37175,38251,6132490.0,10,0.0,1
255,36884.06405751054,1.8468936286234803,78038,80689,6132490.0,10,0.0,1
256,36214.79511051,1.9130779691749773,25880,26472,6132490.0,10,0.0,1
257,33617.3891361924,2.0515752291892113,47800,48977,6132490.0,10,0.0,1
258,35636.27960790771,1.9118292617641286,54630,56039,6132490.0,10,0.0,1
259,41605.98851275591,1.910210082545081,54759,56454,12502568.0,10,0.0,1
260,40781.55682535228,1.8962919835522725,53502,54962,6132490.0,10,0.0,1
261,33328.30116746308,2.015246585300532,50220,52274,6132490.0,10,0.0,1
262,39864.15896525556,1.915798869384112,26364,26888,6132490.0,9,0.0,1
263,34221.89141838782,1.9924793066287574,42365,43613,6132490.0,10,0.0,1
265,39923.287222260406,1.9765761527086974,29074,29756,6132490.0,9,0.0,1
266,35978.41763027206,1.7976388427003658,29400,30070,6132490.0,9,0.0,1
267,35970.68196172727,1.8997881916865238,29525,30216,6132490.0,9,0.0,1
268,36769.506943726374,1.848093610307652,37140,38030,6132490.0,9,0.0,1
269,37936.8377431992,1.897646033129904,77858,80290,12502568.0,10,0.0,1
270,36757.536656939454,1.833514245488839,89439,93047,6132490.0,10,0.0,1
271,36428.061168725006,1.7896443098755237,31821,32697,12502568.0,10,0.0,1
272,34416.68546516878,2.019158884765337,70770,74639,6132490.0,10,0.0,1
274,35894.87406747053,2.0084568298969074,59789,62080,6132490.0,10,0.0,1
275,34450.17984479926,2.036753625129768,57925,59722,6132490.0,10,0.0,1
276,39230.284350633374,1.9176002501536504,88748,92743,6132490.0,10,0.0,1
277,34636.47313788422,2.0615061506150614,42057,43329,6132490.0,10,0.0,1
278,35846.9548863344,1.8297568347300452,70030,72790,6132490.0,10,0.0,1
279,35037.00033462058,2.052067596528827,54898,56926,6132490.0,10,0.0,1
280,35752.76287823985,1.9093239346363344,36498,37452,6132490.0,10,0.0,1
281,35933.24702143832,1.8938303588562655,40768,41688,6132490.0,10,0.0,1
282,37470.27633907903,1.9317992100968067,77740,80263,6132490.0,10,0.0,1
283,39324.596177893465,1.8501485596176204,37618,38705,6132490.0,10,0.0,1
284,33735.56123077198,2.0400485229544327,56233,58529,34723260.0,10,0.0,1
285,37003.63534000156,1.868815233300959,70985,73103,6132490.0,10,0.0,1
286,35281.787056547204,2.0196234712106635,35404,36385,6132490.0,10,0.0,1
287,37153.25049281466,1.8813478312821126,72786,75321,6132490.0,10,0.0,1
288,35625.52201268136,1.9962318730255395,25707,26273,6132490.0,10,0.0,1
289,34162.18624860016,2.0323272090988627,22325,22860,6132490.0,10,0.0,1
290,37007.87693325976,2.014220782143018,21756,22221,6132490.0,10,0.0,1
291,37304.95023798157,1.9426161815861258,77401,79918,6132490.0,10,0.0,1
293,35174.218931239884,1.8533093788620862,84191,87388,12502568.0,10,0.0,1
294,35582.23198238598,2.0230905861456483,49733,51233,6132490.0,11,0.0,1
295,,1.6862853970016658,0,1801,,6,,1
297,38144.09933435689,1.8728943922500922,76212,78659,4607434.0,11,0.0,1
298,37462.14226091777,1.9511609067567381,70551,72831,3782896.0,11,0.0,1
299,37639.12315506014,2.002638638462553,66097,68217,6132490.0,11,0.0,1
300,37772.0189163463,1.8546332305216575,21852,22371,6132490.0,9,0.0,1
301,34107.6672070899,1.834639498432602,19972,20416,1820000.0,9,0.0,1
302,,1.9935794542536116,0,1246,,5,,1
303,34956.58397370769,1.8711954177251593,79339,83452,39000000.0,11,0.0,1
304,35944.05045476705,1.8729293378826088,77974,80892,5914844.0,10,0.0,1
306,36111.48763270366,1.8811437166613278,69252,71801,5914844.0,9,0.0,1
307,36448.86440896221,2.03783729961167,48381,50215,34892000.0,9,0.0,1
308,34591.95703136617,1.767463802300686,26908,27557,2385000.0,8,0.0,1
309,36602.22292128994,1.936300959232614,32715,33360,5914844.0,9,0.0,1
310,34766.247843379686,1.8737778607728321,71983,74971,39000000.0,9,0.0,1
311,35399.1499658001,1.9635876616582262,46199,47786,6132490.0,10,0.0,1
312,34900.912245650026,1.793503800967519,28219,28940,5914844.0,8,0.0,1
313,34063.3094090885,1.9795024875621892,19563,20100,3706222.0,9,0.0,1
315,36034.305279030814,1.9050477616086172,62735,64801,39000000.0,11,0.0,1
316,34948.61518805905,2.0698430231323153,45491,47077,39000000.0,10,0.0,1
317,35687.87739477476,2.0267229534638282,48610,50219,3540732.0,11,0.0,1
318,35041.77664889357,2.084507042253521,50076,51617,39000000.0,9,0.0,1
319,35147.32967210557,1.9583036494388064,70541,74395,4028206.0,11,0.0,1
320,33941.029000357914,2.0135146917778357,22348,22938,3097770.0,9,0.0,1
322,35794.91960954218,1.8967764834952083,60237,61982,3782896.0,11,0.0,1
323,33611.79833516411,2.028177871857408,62811,65193,3706222.0,10,0.0,1
324,39143.94776711867,1.9168003207698476,86937,89784,5409352.0,11,0.0,1
325,37389.0483091453,1.9332058241180987,72005,74243,18210000.0,11,0.0,1
326,36411.16784013302,1.9875795305793176,63703,65698,18210000.0,11,0.0,1
327,36864.82086024746,1.8656439076344353,42976,44129,4200638.0,9,0.0,1
328,34583.52673127694,1.827401894451962,28788,29560,3061256.9,9,0.0,1
329,37569.78834992988,1.871623822675448,68288,70605,18210000.0,11,0.0,1
330,33698.00277218674,2.0364413533289865,52565,55212,34892000.0,11,0.0,1
331,35278.85651774548,2.046104019813298,45617,47241,3097770.0,11,0.0,1
332,38965.24801175341,1.8787154960957166,88656,93359,4200638.0,11,0.0,1
333,37762.92232636645,1.9239582461134834,69615,71658,18210000.0,11,0.0,1
334,35353.97051544222,2.0395323144908857,52227,54310,6132490.0,11,0.0,1
335,35426.903076529285,1.8789261428865798,33216,33971,4200638.0,11,0.0,1
336,36568.34540846221,1.8914423017682214,31741,32462,4200638.0,11,0.0,1
339,36598.16581252221,1.879302996524818,59143,61004,18210000.0,11,0.0,1
340,33660.4256092507,1.948750136447986,17858,18322,3097770.0,11,0.0,1
341,35734.41156233436,1.9316098602829936,43403,44948,34892000.0,11,0.0,1
342,35908.40934591107,1.896793388429752,29629,30250,3097770.0,8,0.0,1
343,35366.46716595317,1.8818781412903347,52328,53521,4600044.0,11,0.0,1
344,38710.924180291935,1.85181689476168,61589,63570,18210000.0,11,0.0,1
345,33969.708531442906,2.035002585418241,24616,25141,3097770.0,9,0.0,1
347,33916.827017919146,1.6690710416059178,57480,65159,4200000.0,9,0.0,1
349,35771.57926749138,1.7500075000750008,32573,33333,4200000.0,10,0.0,1
350,34473.67497286389,1.9983869341667506,19347,19838,3131600.0,9,0.0,1
351,34251.107193949196,2.052920130297798,54076,56179,4600044.0,11,0.0,1
352,37836.678858965184,1.816361679224973,45152,46450,18210000.0,11,0.0,1
353,31829.14842864598,1.758879064888356,36389,40038,6132490.0,11,0.0,1
354,34401.93456802141,2.0122096061570622,20545,21049,4600044.0,11,0.0,1
355,37705.80625251791,1.900515202089834,40211,41343,4200638.0,11,0.0,1
356,35998.29191538733,1.9469719006341264,33612,34378,4600044.0,11,0.0,1
357,36169.359163383604,1.9016547745559436,32237,32935,4600044.0,12,0.0,1
358,34338.41986370195,2.0159918339571283,20103,20573,2600000.0,11,0.0,1
359,34843.3189359466,2.0301150170095577,58982,61730,6132490.0,11,0.0,1
360,36801.37544101113,1.8798736139263146,32913,33548,4200638.0,9,0.0,1
361,34127.68556480719,1.9931574260673948,20777,21337,2600000.0,10,0.0,1
362,35783.828221883465,1.8095188574597891,28204,28848,3777072.0,9,0.0,1
363,37111.63772232967,1.8761410917220394,31541,32206,4200638.0,11,0.0,1
364,32766.090923363812,2.0649957519116398,53630,56496,6330870.0,11,0.0,1
365,36844.02399307019,1.9173115113332877,28572,29206,3756504.0,11,0.0,1
367,41539.48949956749,1.8024247231113504,68221,70606,4600044.0,11,0.0,1
368,35503.424632805305,1.9248967100229533,62746,65350,6165120.0,11,0.0,1
369,35398.260777903015,2.0823698344025066,51446,53624,22902000.0,11,0.0,1
370,36387.65339045581,1.8797220335440723,37405,38278,4200638.0,9,0.0,1
371,36688.37871441143,2.0595693736508918,53353,55129,22902000.0,9,0.0,1
372,35923.615018748984,1.8402338041889916,40002,41060,4600044.0,10,0.0,1
373,36300.83081675974,1.9663724560507696,26850,27418,4600044.0,12,0.0,1
374,36857.32118265274,1.8725306716573091,37585,38472,4600044.0,9,0.0,1
375,36148.8972222222,1.9151944627554385,29718,30340,4600044.0,12,0.0,1
376,35938.53279254755,1.9058480913026368,61349,63525,4600044.0,9,0.0,1
377,35027.980856302995,1.8224119231711158,27899,28583,4600044.0,8,0.0,1
378,34164.85484040212,1.985779765231973,43265,44725,22902000.0,9,0.0,1
379,36420.586188258116,2.0411229914220126,63328,66216,22902000.0,9,0.0,1
380,35681.59082207704,1.9823124597553123,48195,49696,5550870.0,10,0.0,1
381,39549.70823118272,2.012838713659651,31620,32402,4600044.0,10,0.0,1
382,43164.94741925608,1.831879534992588,62048,64085,22902000.0,10,0.0,1
383,34954.567076783875,2.0303427338819207,59674,62585,19699680.0,10,0.0,1
384,37862.66702701946,1.8701720135078093,72873,75808,19699680.0,10,0.0,1
385,34033.21794531964,1.9610638505915714,49195,51135,22902000.0,10,0.0,1
386,38888.494902246406,1.9253391005900469,81736,85078,22902000.0,10,0.0,1
387,35205.387428223075,1.761036507740955,23789,24351,3782896.0,9,0.0,1
388,34890.87875414053,2.025101714617844,52831,55056,4578054.0,10,0.0,1
389,36870.97296438056,2.0676270962131094,51208,52893,5550870.0,10,0.0,1
390,37625.101149199036,2.0510420212564773,50818,52878,5550870.0,10,0.0,1
391,37783.25941803087,1.914931104585498,21685,22135,3708400.0,10,0.0,1
392,37915.37990819691,1.8863352521496963,67318,69661,4600044.0,10,0.0,1
393,36421.2141550605,1.8480427046263346,22043,22480,4600044.0,10,0.0,1
394,37100.96394279308,2.001061765459671,26745,27313,3708400.0,10,0.0,1
395,36808.85804215834,1.9273367903204361,29318,30084,4600044.0,10,0.0,1
396,41264.409751872896,1.8560749294627534,33370,34379,19699680.0,10,0.0,1
397,35972.43042126148,1.8741398377979848,31738,32552,5200000.0,10,0.0,1
399,34813.88628937901,1.9986342780855342,62057,65167,5200000.0,10,0.0,1
400,37346.17251722557,1.869441752799311,71841,74304,5200000.0,10,0.0,1
401,37706.192899437825,1.849431943769064,86772,90484,19699680.0,10,0.0,1
402,37591.83602670188,1.8491613123329733,84713,87935,4982302.0,10,0.0,1
403,36558.562231333424,1.7889865370231863,31219,32088,4600044.0,9,0.0,1
406,37233.5219742652,1.7450907926183261,39402,40587,5967052.0,10,0.0,1
407,35058.56024389519,2.0479801206957755,66832,70425,19699680.0,10,0.0,1
408,39446.98885067087,1.914116065426843,86085,89260,19699680.0,10,0.0,1
412,38497.68689091656,1.9635218537401544,61375,63353,19699680.0,11,0.0,1
413,37982.916371874584,1.88036051952354,69631,72451,19699680.0,10,0.0,1
414,38505.039976943204,1.9178399472199217,68960,71239,19699680.0,10,0.0,1
415,34807.091627189715,2.0551501543643,61935,64134,19699680.0,10,0.0,1
416,36262.56486480852,2.0684300742782242,57511,59506,19699680.0,10,0.0,1
417,37025.46358962161,1.8705002566045112,39929,40919,3024632.0,10,0.0,1
418,34479.071770047834,1.9931765414813107,54507,56423,19699680.0,11,0.0,1
419,37276.620094827886,1.9192665143786964,31109,31957,19699680.0,9,0.0,1
420,42643.199684954125,1.8008261073353644,33265,34136,19699680.0,11,0.0,1
421,38065.676700625976,2.05587351187949,57029,58883,19699680.0,10,0.0,1
423,35204.98270505203,2.090433385038031,51999,53509,19699680.0,10,0.0,1
424,38351.39964626453,1.8521372834848224,90350,93296,19699680.0,10,0.0,1
425,40025.56792451833,1.8917356471202154,94142,97733,19699680.0,10,0.0,1
426,37816.27919885733,1.9109704223958848,39556,40436,19699680.0,9,0.0,1
427,37141.131809836865,2.069791781425581,52944,54462,4104282.0,9,0.0,1
428,36258.769096245655,1.8097776375965935,31004,31705,4600044.0,9,0.0,1
429,37650.495080862056,1.9367077887248398,34565,35423,4600044.0,9,0.0,1
430,37159.11491437897,1.9002260850227939,26337,26981,3524678.04,9,0.0,1
431,32834.271916173304,1.820427857225904,31422,34404,24342000.0,10,0.0,1
432,37346.73116138092,1.8926334742445592,24910,25548,24342000.0,9,0.0,1
433,37335.59689107103,2.007707386616769,21895,22446,24342000.0,9,0.0,1
434,36571.85119943967,1.8759234362222623,69966,72149,24342000.0,10,0.0,1
435,33163.95364342734,1.8525295529688846,42729,44158,3524678.04,9,0.0,1
436,40063.48487482322,1.8526986766438025,14140,14433,24342000.0,9,0.0,1
437,90000.0,2.932648401826484,1,12264,90000.0,10,90000.0,1
438,38539.39252916224,1.9255208824361272,20746,21214,24342000.0,9,0.0,1
439,32822.016784907384,1.8539330688287046,22130,23188,5200000.0,10,0.0,1
440,38688.47306622834,1.8282065223678579,83937,86441,24342000.0,10,0.0,1
441,36765.246560214844,1.936542117393718,57710,59441,5558280.0,10,0.0,1
442,36777.05436132774,1.8904985513038266,19611,20018,3524678.04,10,0.0,1
443,38272.32661210039,1.844037887634618,75138,77070,23624172.0,10,0.0,1
444,39440.16329415936,1.924358168810697,87558,90717,24342000.0,10,0.0,1
445,38271.81177478098,1.8583947167894337,23062,23622,4600044.0,10,0.0,1
446,40787.621946587424,1.7865720111774035,64292,66205,5558280.0,10,0.0,1
447,36951.70389205243,1.8842116097159325,28625,29148,3730800.0,10,0.0,1
448,37187.75004947273,1.8918918918918919,20011,20461,4062864.0,10,0.0,1
449,38585.27713686035,1.8126647488595466,80520,83081,7056020.0,10,0.0,1
450,34508.41397306397,1.9752385978801072,22275,22737,3524678.04,9,0.0,1
451,39136.72632664145,2.0871273493195073,47869,49376,23624172.0,9,0.0,1
452,37717.230878550894,1.91659890811941,50128,51654,5688800.0,10,0.0,1
453,38137.93274052904,1.9041356060965766,20642,21061,3524678.04,9,0.0,1
454,36320.54024459101,2.1250109046497427,44278,45852,5200000.0,9,0.0,1
455,39098.46291727384,2.017743505278131,52148,53428,5558280.0,10,0.0,1
456,35536.08982399763,1.8541135204081634,48863,50176,5558280.0,10,0.0,1
457,35497.64739252284,1.8595032777053995,47103,48357,5558280.0,10,0.0,1
458,36903.62417666386,1.9298994974874373,23423,23880,3524678.04,12,0.0,1
459,36290.22507181426,2.05448117747948,54446,57139,23624172.0,10,0.0,1
462,37906.12800109452,1.89426399447132,25579,26046,23624172.0,12,0.0,1
463,37123.43036839011,2.109741650339454,42645,43894,23624172.0,10,0.0,1
464,35300.73079080295,1.7383225366518922,22964,23464,3097770.0,9,0.0,1
465,37559.68643768835,1.8775526689931499,60093,61896,23624172.0,9,0.0,1
466,36563.34913800058,2.0062749977779752,54478,56255,23624172.0,9,0.0,1
467,39762.11509769953,1.9480701450280233,66991,69228,23624172.0,10,0.0,1
468,37975.5524982717,1.78228672985782,23144,23632,5558280.0,10,0.0,1
469,41453.398140767145,1.882440629176519,37935,38908,23624172.0,12,0.0,1
471,37950.190682740824,1.8696540124939933,16258,16648,5558280.0,9,0.0,1
472,39448.26506221218,1.9207481162540365,14547,14864,3097770.0,9,0.0,1
473,38263.97711416869,1.8947358234952583,50294,51670,5553600.0,10,0.0,1
474,39530.07546415052,1.897399003873824,17699,18070,3097770.0,9,0.0,1
475,38724.025551359126,1.869360630103666,66989,69068,5609994.0,12,0.0,1
476,37493.82139266465,2.0456785878037596,17068,17448,5558280.0,9,0.0,1
477,39076.55484297521,1.9093941676530721,18150,18586,2095000.0,12,0.0,1
478,39799.72357609411,1.8844432605221098,18372,18770,2028000.0,9,0.0,1
479,38085.021277992506,1.9330892942870859,16299,16664,1664000.0,9,0.0,1
480,37012.24750675489,1.9462765761450311,52554,54278,5553600.0,20,0.0,1
481,39340.57169533349,1.8379495853595509,82674,85134,5609994.0,10,0.0,1
483,38643.07612290139,2.028393259917739,22099,22611,3044964.0,9,0.0,1
484,38819.72681764328,2.0820770220062874,54026,55984,22902000.0,9,0.0,1
485,39780.84579810648,1.7791146449622348,87244,90427,5609994.0,10,0.0,1
486,37750.22381352713,2.035143431777284,18437,18894,3532828.0,8,0.0,1
487,37579.645173923614,2.070887162129952,20555,20977,3532828.0,9,0.0,1
489,38975.94666764256,1.7122895260638011,71721,74356,5609994.0,9,0.0,1
490,38757.83536158246,1.8826789107029767,18502,18948,5553600.0,8,0.0,1
491,38186.84153613831,1.781041388518024,24171,24717,5553600.0,8,0.0,1
492,38136.62145288847,1.7982478308482857,23264,23742,5553600.0,8,0.0,1
493,36841.67433943489,2.1067193675889326,52281,53636,7056020.0,9,0.0,1
494,38370.45184876358,1.6438482648952268,38139,38989,5553600.0,8,0.0,1
495,38515.72641033274,1.8666768362443749,63836,65555,7056020.0,10,0.0,1
496,36341.41313110531,2.0426545035336576,19450,19951,3532828.0,8,0.0,1
497,40152.662323507866,1.8845936649725346,19066,19479,5553600.0,8,0.0,1
498,40187.944291929285,1.8883301448483192,17929,18295,5553600.0,8,0.0,1
499,42256.2700427602,1.858015305232196,39055,40117,7056020.0,10,0.0,1
500,40123.27258239932,1.8856185302305468,36044,36999,7056020.0,10,0.0,1
501,40237.71326021933,1.896755306172237,20060,20495,5553600.0,9,0.0,1
502,38672.16538849883,1.904564315352697,17233,17593,5553600.0,9,0.0,1
503,38870.212766542565,1.9303375837829002,47619,48936,5553600.0,10,0.0,1
504,39862.48153020276,1.9092719628236337,17697,18076,5553600.0,9,0.0,1
505,41444.0119111969,1.9699003726117175,36778,37841,7056020.0,10,0.0,1
506,37811.290296488936,1.9584526309092065,15380,15717,5553600.0,9,0.0,1
507,37102.95403362201,2.0069478663644427,19868,20294,3044964.0,8,0.0,1
508,37156.14379809522,1.8865029720225313,31500,32133,5609994.0,8,0.0,1
509,36795.220181208395,1.9858670336650435,18487,18892,3044964.0,8,0.0,1
510,38556.7910376179,1.9728179922549895,26397,26856,5553600.0,11,0.0,1
511,41706.656621337745,1.8688227810940405,20002,20438,5553600.0,8,0.0,1
512,38095.64288676978,1.9130319047800128,25797,26297,5553600.0,10,0.0,1
513,36359.38227629946,1.9586382437161947,18451,18858,3044964.0,8,0.0,1
514,40597.971009889174,1.9293496991065984,36707,37721,5553600.0,10,0.0,1
515,39265.5186649199,1.97205728257073,16793,17178,5553600.0,8,0.0,1
516,,1.5142857142857142,0,35,,6,,1
517,39372.797039427496,1.7999381800197825,78397,80880,5609994.0,12,0.0,1
518,39202.30442838503,2.1791294094526874,19926,20354,7056020.0,10,0.0,1
519,37259.50395066183,2.0422590774960154,61129,63371,7056020.0,9,0.0,1
520,39748.69398502541,1.840510004991152,21503,22039,7056020.0,10,0.0,1
521,37740.18671884244,1.7321538852762741,27024,27527,7056020.0,8,0.0,1
522,37040.97557137168,1.7633541449878598,22621,23064,7056020.0,8,0.0,1
523,38474.70685158493,2.003732554365466,18044,18486,5553600.0,8,0.0,1
524,38153.529194158546,1.8731022675883455,59987,61916,7056020.0,9,0.0,1
533,39455.59412698413,1.791044776119403,63,67,81000.0,4,0.0,1
534,39700.45435363277,1.9069572506286672,17521,17895,5553600.0,8,0.0,1
535,37033.06584223578,1.77180644019816,22185,22608,7056020.0,8,0.0,1
536,37061.37582661724,2.017721099701888,63778,66418,23400000.0,9,0.0,1
537,40886.22864810816,1.9741059539661403,79496,84112,7056020.0,9,0.0,1
538,39917.84515063946,1.8578682860433462,18687,19102,5553600.0,10,0.0,1
539,39981.92146218354,1.8798060452736711,36849,37947,5553600.0,10,0.0,1
541,39928.39483551598,1.897180252986648,22221,22768,2496000.0,9,0.0,1
542,41052.285386760974,1.8846758967904342,18642,19068,5553600.0,9,0.0,1
543,39735.95535917647,1.8918136492789364,18264,18653,5553600.0,9,0.0,1
544,38048.15559711867,1.8793435280120376,28043,28577,5553600.0,9,0.0,1
545,38254.927792720875,1.8924843423799582,26322,26824,5553600.0,9,0.0,1
546,37273.43728403467,1.7914462277152892,22029,22493,5553600.0,12,0.0,1
547,37951.67505435058,2.0414724164724163,20147,20592,2340000.0,9,0.0,1
548,41055.2127458952,1.8778921618591378,19185,19622,5553600.0,9,0.0,1
549,43003.178900210434,1.8205242554878351,97846,100905,5558280.0,9,0.0,1
550,38930.39260005814,1.882905067808708,27484,28020,5553600.0,8,0.0,1
551,42637.594565136205,1.8743151935719504,21432,21904,3532828.0,9,0.0,1
552,35874.91136122044,1.663338868413592,47979,49382,11700000.0,12,0.0,1
553,38319.82192316751,1.9139803482158249,16998,17403,3244800.0,8,0.0,1
554,42612.8282861528,2.0010952175500316,29320,30131,5061160.0,9,0.0,1
555,38083.2267613998,1.7462424360726136,25088,25615,5382000.0,10,0.0,1
556,38696.85346729478,1.8936579115951313,16771,17171,1383200.0,8,0.0,1
557,40398.28327054993,1.8597030209933436,17202,17577,3244800.0,12,0.0,1
558,38169.1089583468,1.8698041692987997,15485,15830,3244800.0,8,0.0,1
559,36274.39322223768,1.6896944564697305,42666,43889,5382000.0,9,0.0,1
560,38836.44421263443,1.874714408779355,26214,26699,5382000.0,8,0.0,1
561,41189.85056072109,1.9534456536767466,49365,50629,3827460.0,9,0.0,1
562,36372.855115315695,2.001524327442014,46828,48546,5059314.0,11,0.0,1
563,39960.27682528203,1.8755020080321285,16581,16932,3827460.0,8,0.0,1
564,40134.41287707769,1.8794192686186368,16124,16462,3827460.0,8,0.0,1
565,38243.28137332677,1.9043636363636363,16136,16500,3827460.0,8,0.0,1
566,40346.370678810796,1.8630551816958276,17457,17832,3827460.0,8,0.0,1
567,38670.24494142595,2.0246242556007186,20743,21158,3827460.0,9,0.0,1
568,37047.03168886056,2.089173672339553,47085,48770,3827460.0,11,0.0,1
569,40960.82519239494,1.9477479476370092,17620,18028,3827460.0,8,0.0,1
570,39584.51448764094,1.889968549030653,20835,21303,3827460.0,9,0.0,1
571,40280.322303326146,1.9158707241226123,17618,18008,3827460.0,8,0.0,1
572,37062.427462014835,2.012625997873201,64433,66767,9100000.0,11,0.0,1
573,38307.42606964671,1.9948628428927682,19642,20050,3827460.0,9,0.0,1
574,42454.270305571896,1.869055101613241,18719,19092,3827460.0,8,0.0,1
575,38722.6258588267,1.9290360348640563,15102,15374,3827460.0,8,0.0,1
576,45963.81486025266,1.8879863803253134,47407,48753,5148000.0,9,0.0,1
577,42119.08721190215,1.873076503328604,17980,18326,11700000.0,9,0.0,1
578,40724.86827615977,1.8822667042571186,17374,17735,3827460.0,8,0.0,1
579,40666.33572300156,2.057691576345313,25733,26295,5382000.0,8,0.0,1
580,43327.33958896209,1.9469678369752026,39899,40730,11700000.0,10,0.0,1
581,37618.98012469225,1.9452491011813047,19087,19470,3244800.0,11,0.0,1
583,41010.76702738663,1.8731919521479066,18038,18390,3380000.0,8,0.0,1
584,38474.386202617185,2.0560819283823326,56244,57416,5148000.0,11,0.0,1
585,39654.615816494406,1.8657505893175415,17024,17393,11700000.0,7,0.0,1
586,38749.061140130085,1.9886427108545894,21059,21484,3244800.0,8,0.0,1
587,36764.907045416505,1.9662055011756985,17901,18287,3244800.0,7,0.0,1
588,39779.55184518328,1.8712164221471899,65148,66934,11700000.0,12,0.0,1
589,38357.99536074914,1.7264875239923225,24560,25008,11700000.0,9,0.0,1
590,39463.5490749695,1.857925368024649,17167,17526,11700000.0,8,0.0,1
591,36304.26246618939,1.972403201034678,59375,61855,11700000.0,10,0.0,1
592,40049.98013517663,1.8504145936981757,32624,33165,11700000.0,9,0.0,1
595,40560.30515338371,1.8998491704374056,19461,19890,3380000.0,9,0.0,1
596,33307.61872425093,1.8599188213110038,29904,31289,5148000.0,8,0.0,1
597,36432.76082629992,1.9906811018226669,21445,21891,3244800.0,10,0.0,1
599,42314.01701778021,1.9527879637618637,71990,74176,9100000.0,9,0.0,1
600,47019.47678178712,1.8446258355818903,72301,73751,9100000.0,9,0.0,1
601,41697.09994167203,1.8467145573631947,18516,18932,3654742.0,9,0.0,1
602,40738.20173539648,1.845224325055989,78714,81266,5558280.0,11,0.0,1
603,40706.507937883,1.963613810212942,14199,14511,5058564.0,8,0.0,1
604,41394.94997659175,1.8723111227701994,14952,15248,5058564.0,8,0.0,1
605,41071.96268103564,1.871400038657303,15218,15521,5058564.0,8,0.0,1
606,45390.79364164386,1.876929662626749,36500,37377,5280000.0,8,0.0,1
607,41393.93652563058,1.914508408002946,15977,16294,5058564.0,12,0.0,1
608,39847.58977418441,1.8856683894398658,14038,14318,5058564.0,8,0.0,1
609,40486.07572336093,1.8543216621406649,60447,62233,5280000.0,12,0.0,1
610,40348.46895576402,1.90385313112256,13541,13781,5058564.0,8,0.0,1
611,41837.91189185278,1.8921610470906245,13796,14058,6240000.0,8,0.0,1
612,41137.21305633596,1.9805128948130977,13526,13804,6240000.0,9,0.0,1
613,41396.72766001285,1.8620689655172413,14077,14355,5058564.0,8,0.0,1
614,40823.18624691731,1.9060299295774648,13381,13632,5058564.0,8,0.0,1
615,40367.98408526838,1.8922548873302492,13135,13402,5058564.0,8,0.0,1
616,38396.85364261377,2.089398350315381,16145,16488,5058564.0,9,0.0,1
617,44258.04211954692,1.853425261740604,41858,43077,7056020.0,9,0.0,1
618,41722.30312630792,1.9121314361155934,13380,13634,5058564.0,9,0.0,1
619,42766.233633126714,1.878910645959937,30332,31101,7056020.0,12,0.0,1
620,37439.7414059907,1.9542022094811915,55420,57208,6839400.0,9,0.0,1
621,41537.80876523917,1.9135072908672295,12796,13030,5058564.0,8,0.0,1
622,38478.830870693324,2.0105450236966824,16573,16880,5382000.0,8,0.0,1
623,41215.44742056078,1.9028160391796756,12840,13068,5058564.0,8,0.0,1
624,40659.39051589599,1.863417056903647,13840,14094,5058564.0,8,0.0,1
625,43407.67796381715,1.8730205451227409,16693,16987,5058564.0,8,0.0,1
626,40239.47413883406,2.035928359283593,54223,55555,7056020.0,9,0.0,1
627,40651.73643081511,1.8746937082972066,26104,26527,5280000.0,8,0.0,1
628,34492.095343272405,1.8468072736668713,29379,30961,5617872.0,8,0.0,1
629,44972.05239914987,1.8615747253165038,51289,52606,7056020.0,12,0.0,1
630,41162.29183211754,1.850800131228812,27007,27433,5280000.0,9,0.0,1
631,39779.11054147047,1.7798018157004687,16566,16853,5382000.0,7,0.0,1
632,44582.08220045218,1.898616661543191,15924,16265,5558280.0,7,0.0,1
633,42145.95770486756,1.8877466172802178,12984,13229,7056020.0,7,0.0,1
634,40894.172469904515,1.8799445395970964,12045,12261,5058564.0,7,0.0,1
635,42252.73934869581,1.9243018512707877,12498,12748,7056020.0,9,0.0,1
636,41349.60869666348,1.900078678206137,12468,12710,5058564.0,8,0.0,1
637,43815.37773896237,1.8628961907531258,13454,13756,5058564.0,8,0.0,1
638,45224.42114071997,1.9219391412002347,14973,15347,7056020.0,8,0.0,1
640,42747.429563063364,1.8830547317336208,14533,14836,5058564.0,12,0.0,1
641,,1.9949238578680204,0,591,,8,,1
642,40525.16732583294,1.9353861330326945,13866,14192,5058564.0,9,0.0,1
643,41845.82530459568,1.8751221555214295,14035,14326,5058564.0,8,0.0,1
647,40238.58891988017,2.014638150394455,21368,21929,5058564.0,8,0.0,1
648,44019.10506423558,1.9311990742972855,20238,20741,5058564.0,10,0.0,1
649,42150.36742948888,1.8893701403746803,18685,19163,5058564.0,8,0.0,1
650,41724.19844738096,1.8765230254194403,25048,25689,5599992.0,8,0.0,1
